Column,Mean
diff_ew_xgb,0.1217807922761315
diff_ew_dnn,0.1106644289536999
avg_diff_ew,0.1162226106149157
diff_fla_xgb,0.1494337937402448
diff_fla_dnn,0.1359095035043405
avg_diff_fla,0.14267164862229265
diff_i_xgb,0.1374992713764738
diff_i_dnn,0.13938257266542925
avg_diff_i,0.1384409220209515
diff_lpv_xgb,0.016098869195862012
diff_lpv_dnn,0.017650068897889157
avg_diff_lpv,0.01687446904687558
diff_puls_xgb,0.039809683980678356
diff_puls_dnn,0.05265513552468504
avg_diff_puls,0.046232409752681704
