Column,Mean
diff_ew_xgb,0.45019616794849726
diff_ew_dnn,0.4734139701254229
avg_diff_ew,0.46180506903696006
diff_fla_xgb,0.1916950578339482
diff_fla_dnn,0.2320700858258391
avg_diff_fla,0.21188257182989367
diff_i_xgb,0.23779741132310317
diff_i_dnn,0.23608354205294946
avg_diff_i,0.23694047668802634
diff_lpv_xgb,0.015282206115295878
diff_lpv_dnn,0.01683206345312856
avg_diff_lpv,0.016057134784212217
diff_puls_xgb,0.0373356125905479
diff_puls_dnn,0.05014118962313495
avg_diff_puls,0.04373840110684142
